<?xml version="1.0" encoding="UTF-8" ?>
<install version="1.5" type="plugin" group="vmshipment" method="upgrade">
	<name>VMSHIPMENT_PICKME</name>
	<creationDate>2013-02-08</creationDate>
	<author>Filipe Veiga</author>
	<authorUrl></authorUrl>
	<copyright></copyright>
	<license></license>
	<version>1.0</version>
	<description>VMSHIPMENT_PICKME_DESC</description>
	<files>
		<filename plugin="pickme_shipping">pickme_shipping.php</filename>
		<filename>chronopost_pickme.jpg</filename>
		<folder>language</folder>
		<folder>elements</folder>
	</files>
	<languages folder="language">
		<language tag="en-GB">en-GB/en-GB.plg_vmshipment_pickme_shipping.ini
		</language>
		<language tag="en-GB">en-GB/en-GB.plg_vmshipment_pickme_shipping.sys.ini
		</language>
	</languages>
	<scriptfile>pickme_shipping.script.php</scriptfile>
	<params addpath="/plugins/vmshipment/pickme_shipping/elements/" />
	<params addpath="/administrator/components/com_virtuemart/elements">
		<param type="vmjpluginwarning" />
		<param type="pmlabel" default='VMSHIPMENT_PICKME_GENCFG_LABEL' />
		<param name="shipment_logos" type="vmfiles"
			label="VMSHIPMENT_WEIGHT_COUNTRIES_LOGOS" description="VMSHIPMENT_WEIGHT_COUNTRIES_LOGOS_DESC"
			directory="/images/stories/virtuemart/shipment" default="default"
			hide_default="1" hide_none="1" stripext="0" exclude="^_" />
		<param name="pickme_ws" type="text"
			default="https://83.240.239.170:7554/ChronoWSB2CPointsv3/GetB2CPoints_v3Service?wsdl"
			label="VMSHIPMENT_PICKME_WEBSERVICE" size="90"
			description="VMSHIPMENT_PICKME_WEBSERVICE_DESC" />
		<param name="pickme_overcost" type="text" default=""
			label="VMSHIPMENT_PICKME_OVERCOST" description="VMSHIPMENT_PICKME_OVERCOST_DESC" />
	</params>

</install>
